"James",4.000
"John",7.621
"Robert",11.100
"Michael",14.010
"William",16.724
"David",19.341
"Richard",21.225
"Charles",22.911
"Joseph",24.465
"Thomas",25.992
"Christopher",27.138
"Daniel",28.216
"Paul",29.266
"Mark",30.305
"Donald",31.336
"George",32.362
"Kenneth",33.278
"Steven",34.141
"Edward",35.003
"Brian",35.818
"Ronald",36.622
"Anthony",37.420
"Kevin",38.163
"Jason",38.893
"Matthew",39.621
"Gary",40.341
"Timothy",41.049
"Jose",41.727
"Larry",42.389
"Jeffrey",43.043
"Frank",43.687
"Scott",44.291
"Eric",44.893
"Stephen",45.491
"Andrew",46.084
"Raymond",46.626
"Gregory",47.114
"Joshua",47.595
"Jerry",48.074
"Dennis",48.533
"Walter",48.975
"Patrick",49.405
"Peter",49.827
"Harold",50.238
"Douglas",50.644
"Henry",51.048
"Carl",51.431
"Arthur",51.802
"Ryan",52.165
"Roger",52.521
"Joe",52.877
"Juan",53.225
"Jack",53.575
"Albert",53.922
"Jonathan",54.269
"Justin",54.614
"Terry",54.958
"Gerald",55.300
"Keith",55.641
"Samuel",55.980
"Willie",56.314
"Ralph",56.627
"Lawrence",56.939
"Nicholas",57.243
"Roy",57.545
"Benjamin",57.844
"Bruce",58.135
"Brandon",58.422
"Adam",58.709
"Harry",58.987
"Fred",59.264
"Wayne",59.540
"Billy",59.814
"Steve",60.087
"Louis",60.356
"Jeremy",60.623
"Aaron",60.890
"Randy",61.147
"Howard",61.402
"Eugene",61.656
"Carlos",61.909
"Russell",62.157
"Bobby",62.403
"Victor",62.649
"Martin",62.888
"Ernest",63.126
"Phillip",63.361
"Todd",63.597
"Jesse",63.828
"Craig",64.056
"Alan",64.282
"Shawn",64.502
"Clarence",64.720
"Sean",64.940
"Philip",65.158
"Chris",65.375
"Johnny",65.592
"Earl",65.804
"Jimmy",66.016
"Antonio",66.227
"Danny",66.436
"Bryan",66.647
"Tony",66.857
"Luis",67.066
"Mike",67.275
"Stanley",67.482
"Leonard",67.687
"Nathan",67.892
"Dale",68.096
"Manuel",68.296
"Rodney",68.496
"Curtis",68.696
"Norman",68.891
"Allen",69.084
"Marvin",69.273
"Vincent",69.458
"Glenn",69.643
"Jeffery",69.827
"Travis",70.011
"Jeff",70.193
"Chad",70.376
"Jacob",70.559
"Lee",70.738
"Melvin",70.917
"Alfred",71.097
"Kyle",71.274
"Francis",71.451
"Bradley",71.627
"Jesus",71.798
"Herbert",71.970
"Frederick",72.140
"Ray",72.310
"Joel",72.477
"Edwin",72.642
"Don",72.802
"Eddie",72.962
"Ricky",73.118
"Troy",73.272
"Randall",73.423
"Barry",73.573
"Alexander",73.719
"Bernard",73.861
"Mario",73.999
"Leroy",74.136
"Francisco",74.275
"Marcus",74.412
"Micheal",74.548
"Theodore",74.684
"Clifford",74.819
"Miguel",74.954
"Oscar",75.091
"Jay",75.221
"Jim",75.351
"Tom",75.480
"Calvin",75.609
"Alex",75.735
"Jon",75.862
"Ronnie",75.987
"Bill",76.112
"Lloyd",76.236
"Tommy",76.360
"Leon",76.484
"Derek",76.607
"Warren",76.729
"Darrell",76.849
"Jerome",76.968
"Floyd",77.085
"Leo",77.203
"Alvin",77.319
"Tim",77.435
"Wesley",77.550
"Gordon",77.665
"Dean",77.781
"Greg",77.895
"Jorge",78.010
"Dustin",78.124
"Pedro",78.238
"Derrick",78.352
"Dan",78.464
"Lewis",78.573
"Zachary",78.682
"Corey",78.790
"Herman",78.898
"Maurice",79.005
"Vernon",79.112
"Roberto",79.220
"Clyde",79.325
"Glen",79.429
"Hector",79.533
"Shane",79.637
"Ricardo",79.740
"Sam",79.842
"Rick",79.943
"Lester",80.042
"Brent",80.143
"Ramon",80.243
"Charlie",80.341
"Tyler",80.441
"Gilbert",80.539
"Gene",80.636
"Marc",80.732
"Reginald",80.824
"Ruben",80.916
"Brett",81.006
"Angel",81.097
"Nathaniel",81.187
"Rafael",81.276
"Leslie",81.366
"Edgar",81.455
"Milton",81.543
"Raul",81.631
"Ben",81.717
"Chester",81.803
"Cecil",81.890
"Duane",81.975
"Franklin",82.060
"Andre",82.144
"Elmer",82.226
"Brad",82.307
"Gabriel",82.388
"Ron",82.468
"Mitchell",82.547
"Roland",82.628
"Arnold",82.708
"Harvey",82.787
"Jared",82.866
"Adrian",82.942
"Karl",83.018
"Cory",83.093
"Claude",83.168
"Erik",83.244
"Darryl",83.318
"Jamie",83.392
"Neil",83.464
"Jessie",83.537
"Christian",83.609
"Javier",83.680
"Fernando",83.752
"Clinton",83.824
"Ted",83.894
"Mathew",83.965
"Tyrone",84.036
"Darren",84.107
"Lonnie",84.177
"Lance",84.248
"Cody",84.317
"Julio",84.387
"Kelly",84.456
"Kurt",84.525
"Allan",84.593
"Nelson",84.659
"Guy",84.727
"Clayton",84.793
"Hugh",84.860
"Max",84.924
"Dwayne",84.989
"Dwight",85.053
"Armando",85.118
"Felix",85.182
"Jimmie",85.245
"Everett",85.308
"Jordan",85.370
"Ian",85.432
"Wallace",85.494
"Ken",85.555
"Bob",85.617
"Jaime",85.678
"Casey",85.738
"Alfredo",85.797
"Alberto",85.856
"Dave",85.915
"Ivan",85.973
"Johnnie",86.031
"Sidney",86.090
"Byron",86.147
"Julian",86.205
"Isaac",86.261
"Morris",86.318
"Clifton",86.373
"Willard",86.428
"Daryl",86.485
"Ross",86.539
"Virgil",86.593
"Andy",86.649
"Marshall",86.703
"Salvador",86.757
"Perry",86.811
"Kirk",86.866
"Sergio",86.920
"Marion",86.973
"Tracy",87.026
"Seth",87.079
"Kent",87.132
"Terrance",87.186
"Rene",87.239
"Eduardo",87.291
"Terrence",87.343
"Enrique",87.394
"Freddie",87.445
"Wade",87.494
"Austin",87.542
"Stuart",87.591
"Fredrick",87.638
"Arturo",87.687
"Alejandro",87.735
"Jackie",87.781
"Joey",87.829
"Nick",87.876
"Luther",87.923
"Wendell",87.969
"Jeremiah",88.017
"Evan",88.063
"Julius",88.109
"Dana",88.155
"Donnie",88.201
"Otis",88.246
"Shannon",88.290
"Trevor",88.336
"Oliver",88.380
"Luke",88.424
"Homer",88.469
"Gerard",88.513
"Doug",88.557
"Kenny",88.600
"Hubert",88.645
"Angelo",88.688
"Shaun",88.730
"Lyle",88.773
"Matt",88.815
"Lynn",88.857
"Alfonso",88.899
"Orlando",88.940
"Rex",88.981
"Carlton",89.022
"Ernesto",89.063
"Cameron",89.104
"Neal",89.144
"Pablo",89.185
"Lorenzo",89.225
"Omar",89.264
"Wilbur",89.304
"Blake",89.344
"Grant",89.384
"Horace",89.424
"Roderick",89.463
"Kerry",89.502
"Abraham",89.541
"Willis",89.580
"Rickey",89.619
"Jean",89.656
"Ira",89.695
"Andres",89.734
"Cesar",89.771
"Johnathan",89.809
"Malcolm",89.847
"Rudolph",89.884
"Damon",89.922
"Kelvin",89.960
"Rudy",89.997
"Preston",90.034
"Alton",90.071
"Archie",90.108
"Marco",90.145
"Wm",90.181
"Pete",90.216
"Randolph",90.252
"Garry",90.288
"Geoffrey",90.324
"Jonathon",90.359
"Felipe",90.395
"Bennie",90.430
"Gerardo",90.466
"Ed",90.500
"Dominic",90.535
"Robin",90.571
"Loren",90.605
"Delbert",90.640
"Colin",90.675
"Guillermo",90.709
"Earnest",90.743
"Lucas",90.778
"Benny",90.811
"Noel",90.844
"Spencer",90.877
"Rodolfo",90.909
"Myron",90.943
"Edmund",90.975
"Garrett",91.008
"Salvatore",91.040
"Cedric",91.072
"Lowell",91.104
"Gregg",91.135
"Sherman",91.167
"Wilson",91.198
"Devin",91.229
"Sylvester",91.260
"Kim",91.291
"Roosevelt",91.322
"Israel",91.353
"Jermaine",91.384
"Forrest",91.414
"Wilbert",91.443
"Leland",91.473
"Simon",91.502
"Guadalupe",91.532
"Clark",91.560
"Irving",91.589
"Carroll",91.618
"Bryant",91.647
"Owen",91.674
"Rufus",91.703
"Woodrow",91.731
"Sammy",91.758
"Kristopher",91.786
"Mack",91.814
"Levi",91.842
"Marcos",91.869
"Gustavo",91.897
"Jake",91.923
"Lionel",91.951
"Marty",91.978
"Taylor",92.004
"Ellis",92.032
"Dallas",92.058
"Gilberto",92.085
"Clint",92.112
"Nicolas",92.138
"Laurence",92.165
"Ismael",92.190
"Orville",92.217
"Drew",92.243
"Jody",92.269
"Ervin",92.295
"Dewey",92.321
"Al",92.346
"Wilfred",92.373
"Josh",92.398
"Hugo",92.424
"Ignacio",92.449
"Caleb",92.474
"Tomas",92.499
"Sheldon",92.525
"Erick",92.550
"Frankie",92.574
"Stewart",92.599
"Doyle",92.624
"Darrel",92.649
"Rogelio",92.673
"Terence",92.697
"Santiago",92.722
"Alonzo",92.746
"Elias",92.769
"Bert",92.794
"Elbert",92.818
"Ramiro",92.841
"Conrad",92.865
"Pat",92.889
"Noah",92.913
"Grady",92.936
"Phil",92.961
"Cornelius",92.984
"Lamar",93.007
"Rolando",93.030
"Clay",93.054
"Percy",93.077
"Dexter",93.099
"Bradford",93.122
"Merle",93.146
"Darin",93.168
"Amos",93.190
"Terrell",93.213
"Moses",93.235
"Irvin",93.257
"Saul",93.278
"Roman",93.301
"Darnell",93.323
"Randal",93.344
"Tommie",93.366
"Timmy",93.387
"Darrin",93.409
"Winston",93.430
"Brendan",93.451
"Toby",93.473
"Van",93.494
"Abel",93.515
"Dominick",93.536
"Boyd",93.557
"Courtney",93.579
"Jan",93.601
"Emilio",93.620
"Elijah",93.641
"Cary",93.663
"Domingo",93.684
"Santos",93.705
"Aubrey",93.726
"Emmett",93.746
"Marlon",93.767
"Emanuel",93.788
"Jerald",93.808
"Edmond",93.829
"Emil",93.848
"Dewayne",93.870
"Will",93.889
"Otto",93.909
"Teddy",93.929
"Reynaldo",93.949
"Bret",93.969
"Morgan",93.989
"Jess",94.009
"Trent",94.029
"Humberto",94.049
"Emmanuel",94.068
"Stephan",94.088
"Louie",94.108
"Vicente",94.126
"Lamont",94.145
"Stacy",94.165
"Garland",94.184
"Miles",94.203
"Micah",94.222
"Efrain",94.240
"Billie",94.259
"Logan",94.278
"Heath",94.296
"Rodger",94.315
"Harley",94.333
"Demetrius",94.351
"Ethan",94.370
"Eldon",94.388
"Rocky",94.406
"Pierre",94.424
"Junior",94.443
"Freddy",94.461
"Eli",94.478
"Bryce",94.496
"Antoine",94.514
"Robbie",94.531
"Kendall",94.549
"Royce",94.567
"Sterling",94.585
"Mickey",94.602
"Chase",94.620
"Grover",94.638
"Elton",94.655
"Cleveland",94.673
"Dylan",94.690
"Chuck",94.708
"Damian",94.724
"Reuben",94.742
"Stan",94.758
"August",94.776
"Leonardo",94.793
"Jasper",94.809
"Russel",94.827
"Erwin",94.844
"Benito",94.860
"Hans",94.877
"Monte",94.893
"Blaine",94.910
"Ernie",94.926
"Curt",94.942
"Quentin",94.959
"Agustin",94.974
"Murray",94.991
"Jamal",95.006
"Devon",95.023
"Adolfo",95.038
"Harrison",95.055
"Tyson",95.071
"Burton",95.086
"Brady",95.103
"Elliott",95.118
"Wilfredo",95.134
"Bart",95.149
"Jarrod",95.165
"Vance",95.180
"Denis",95.196
"Damien",95.211
"Joaquin",95.227
"Harlan",95.242
"Desmond",95.258
"Elliot",95.273
"Darwin",95.288
"Ashley",95.303
"Gregorio",95.319
"Buddy",95.333
"Xavier",95.348
"Kermit",95.363
"Roscoe",95.378
"Esteban",95.393
"Anton",95.407
"Solomon",95.422
"Scotty",95.436
"Norbert",95.450
"Elvin",95.465
"Williams",95.479
"Nolan",95.493
"Carey",95.508
"Rod",95.521
"Quinton",95.536
"Hal",95.550
"Brain",95.564
"Rob",95.578
"Elwood",95.592
"Kendrick",95.605
"Darius",95.620
"Moises",95.634
"Son",95.647
"Marlin",95.661
"Fidel",95.675
"Thaddeus",95.688
"Cliff",95.703
"Marcel",95.716
"Ali",95.729
"Jackson",95.744
"Raphael",95.757
"Bryon",95.770
"Armand",95.783
"Alvaro",95.798
"Jeffry",95.811
"Dane",95.824
"Joesph",95.838
"Thurman",95.851
"Ned",95.864
"Sammie",95.878
"Rusty",95.891
"Michel",95.903
"Monty",95.916
"Rory",95.930
"Fabian",95.942
"Reggie",95.955
"Mason",95.967
"Graham",95.981
"Kris",95.993
"Isaiah",96.006
"Vaughn",96.018
"Gus",96.030
"Avery",96.044
"Loyd",96.056
"Diego",96.068
"Alexis",96.080
"Adolph",96.093
"Norris",96.106
"Millard",96.118
"Rocco",96.130
"Gonzalo",96.142
"Derick",96.154
"Rodrigo",96.167
"Gerry",96.179
"Stacey",96.191
"Carmen",96.203
"Wiley",96.215
"Rigoberto",96.227
"Alphonso",96.240
"Ty",96.252
"Shelby",96.263
"Rickie",96.275
"Noe",96.287
"Vern",96.298
"Bobbie",96.310
"Reed",96.321
"Jefferson",96.333
"Elvis",96.345
"Bernardo",96.356
"Mauricio",96.367
"Hiram",96.378
"Donovan",96.389
"Basil",96.401
"Riley",96.412
"Ollie",96.423
"Nickolas",96.434
"Maynard",96.445
"Scot",96.458
"Vince",96.469
"Quincy",96.480
"Eddy",96.491
"Sebastian",96.502
"Federico",96.513
"Ulysses",96.524
"Heriberto",96.535
"Donnell",96.546
"Cole",96.556
"Denny",96.567
"Davis",96.578
"Gavin",96.589
"Emery",96.600
"Ward",96.612
"Romeo",96.623
"Jayson",96.633
"Dion",96.644
"Dante",96.655
"Clement",96.666
"Coy",96.676
"Odell",96.687
"Maxwell",96.698
"Jarvis",96.708
"Bruno",96.719
"Issac",96.730
"Mary",96.740
"Dudley",96.750
"Brock",96.761
"Sanford",96.771
"Colby",96.782
"Carmelo",96.792
"Barney",96.803
"Nestor",96.813
"Hollis",96.823
"Stefan",96.834
"Donny",96.844
"Art",96.854
"Linwood",96.865
"Beau",96.875
"Weldon",96.885
"Galen",96.895
"Isidro",96.905
"Truman",96.915
"Delmar",96.925
"Johnathon",96.935
"Silas",96.945
"Frederic",96.955
"Dick",96.965
"Kirby",96.975
"Irwin",96.985
"Cruz",96.995
"Merlin",97.004
"Merrill",97.014
"Charley",97.023
"Marcelino",97.033
"Lane",97.043
"Harris",97.053
"Cleo",97.062
"Carlo",97.072
"Trenton",97.082
"Kurtis",97.092
"Hunter",97.101
"Aurelio",97.111
"Winfred",97.120
"Vito",97.130
"Collin",97.140
"Denver",97.148
"Carter",97.158
"Leonel",97.167
"Emory",97.177
"Pasquale",97.186
"Mohammad",97.195
"Mariano",97.204
"Danial",97.214
"Blair",97.223
"Landon",97.231
"Dirk",97.241
"Branden",97.250
"Adan",97.259
"Numbers",97.268
"Clair",97.278
"Buford",97.287
"German",97.296
"Bernie",97.304
"Wilmer",97.313
"Joan",97.322
"Emerson",97.331
"Zachery",97.340
"Fletcher",97.349
"Jacques",97.358
"Errol",97.366
"Dalton",97.375
"Monroe",97.383
"Josue",97.392
"Dominique",97.401
"Edwardo",97.410
"Booker",97.419
"Wilford",97.426
"Sonny",97.435
"Shelton",97.444
"Carson",97.453
"Theron",97.461
"Raymundo",97.469
"Daren",97.478
"Tristan",97.486
"Houston",97.495
"Robby",97.504
"Lincoln",97.511
"Jame",97.520
"Genaro",97.528
"Gale",97.537
"Bennett",97.545
"Octavio",97.554
"Cornell",97.562
"Laverne",97.570
"Hung",97.579
"Arron",97.587
"Antony",97.596
"Herschel",97.603
"Alva",97.612
"Giovanni",97.620
"Garth",97.628
"Cyrus",97.637
"Cyril",97.644
"Ronny",97.653
"Stevie",97.661
"Lon",97.669
"Freeman",97.676
"Erin",97.685
"Duncan",97.693
"Kennith",97.701
"Carmine",97.709
"Augustine",97.717
"Young",97.725
"Erich",97.733
"Chadwick",97.741
"Wilburn",97.748
"Russ",97.756
"Reid",97.765
"Myles",97.773
"Anderson",97.780
"Morton",97.788
"Jonas",97.796
"Forest",97.804
"Mitchel",97.811
"Mervin",97.819
"Zane",97.827
"Rich",97.835
"Jamel",97.842
"Lazaro",97.850
"Alphonse",97.858
"Randell",97.866
"Major",97.873
"Johnie",97.881
"Jarrett",97.889
"Brooks",97.897
"Ariel",97.904
"Abdul",97.912
"Dusty",97.920
"Luciano",97.928
"Lindsey",97.934
"Tracey",97.942
"Seymour",97.950
"Scottie",97.958
"Eugenio",97.965
"Mohammed",97.972
"Sandy",97.980
"Valentin",97.988
"Chance",97.994
"Arnulfo",98.002
"Lucien",98.010
"Ferdinand",98.016
"Thad",98.024
"Ezra",98.032
"Sydney",98.038
"Aldo",98.046
"Rubin",98.053
"Royal",98.061
"Mitch",98.067
"Earle",98.075
"Abe",98.082
"Wyatt",98.089
"Marquis",98.096
"Lanny",98.103
"Kareem",98.110
"Jamar",98.117
"Boris",98.125
"Isiah",98.131
"Emile",98.138
"Elmo",98.146
"Aron",98.152
"Leopoldo",98.159
"Everette",98.167
"Josef",98.173
"Gail",98.180
"Eloy",98.188
"Dorian",98.195
"Rodrick",98.201
"Reinaldo",98.208
"Lucio",98.214
"Jerrod",98.222
"Weston",98.229
"Hershel",98.235
"Barton",98.242
"Parker",98.249
"Lemuel",98.255
"Lavern",98.262
"Burt",98.270
"Jules",98.276
"Gil",98.283
"Eliseo",98.290
"Ahmad",98.296
"Nigel",98.303
"Efren",98.310
"Antwan",98.316
"Alden",98.323
"Margarito",98.330
"Coleman",98.336
"Refugio",98.343
"Dino",98.349
"Osvaldo",98.356
"Les",98.362
"Deandre",98.368
"Normand",98.375
"Kieth",98.382
"Ivory",98.388
"Andrea",98.395
"Trey",98.400
"Norberto",98.407
"Napoleon",98.414
"Jerold",98.420
"Fritz",98.427
"Rosendo",98.433
"Milford",98.439
"Sang",98.446
"Deon",98.451
"Christoper",98.458
"Alfonzo",98.465
"Lyman",98.470
"Josiah",98.477
"Brant",98.483
"Wilton",98.489
"Rico",98.496
"Jamaal",98.502
"Dewitt",98.508
"Carol",98.514
"Brenton",98.521
"Yong",98.527
"Olin",98.533
"Foster",98.539
"Faustino",98.545
"Claudio",98.551
"Judson",98.558
"Gino",98.564
"Edgardo",98.570
"Berry",98.576
"Alec",98.582
"Tanner",98.589
"Jarred",98.594
"Donn",98.601
"Trinidad",98.606
"Tad",98.613
"Shirley",98.618
"Prince",98.625
"Porfirio",98.631
"Odis",98.637
"Maria",98.643
"Lenard",98.649
"Chauncey",98.655
"Chang",98.662
"Tod",98.667
"Mel",98.674
"Marcelo",98.679
"Kory",98.686
"Augustus",98.692
"Keven",98.698
"Hilario",98.704
"Bud",98.709
"Sal",98.716
"Rosario",98.721
"Orval",98.728
"Mauro",98.734
"Dannie",98.739
"Zachariah",98.746
"Olen",98.751
"Anibal",98.757
"Milo",98.763
"Jed",98.769
"Frances",98.775
"Thanh",98.781
"Dillon",98.787
"Amado",98.792
"Newton",98.799
"Connie",98.804
"Lenny",98.810
"Tory",98.816
"Richie",98.821
"Lupe",98.828
"Horacio",98.833
"Brice",98.839
"Mohamed",98.844
"Delmer",98.850
"Dario",98.855
"Reyes",98.862
"Dee",98.868
"Mac",98.873
"Jonah",98.879
"Jerrold",98.884
"Robt",98.890
"Hank",98.895
"Sung",98.901
"Rupert",98.906
"Rolland",98.912
"Kenton",98.917
"Damion",98.923
"Chi",98.928
"Antone",98.934
"Waldo",98.940
"Fredric",98.945
"Bradly",98.951
"Quinn",98.956
"Kip",98.962
"Burl",98.967
"Walker",98.973
"Tyree",98.978
"Jefferey",98.984
"Ahmed",98.989
"Willy",98.995
"Stanford",99.000
"Oren",99.006
"Noble",99.010
"Moshe",99.016
"Mikel",99.021
"Enoch",99.027
"Brendon",99.032
"Quintin",99.038
"Jamison",99.044
"Florencio",99.049
"Darrick",99.054
"Tobias",99.059
"Minh",99.065
"Hassan",99.070
"Giuseppe",99.076
"Demarcus",99.081
"Cletus",99.086
"Tyrell",99.091
"Lyndon",99.097
"Keenan",99.102
"Werner",99.108
"Theo",99.112
"Geraldo",99.118
"Lou",99.123
"Columbus",99.129
"Chet",99.133
"Bertram",99.139
"Markus",99.144
"Huey",99.149
"Hilton",99.154
"Dwain",99.160
"Donte",99.164
"Tyron",99.170
"Omer",99.175
"Isaias",99.180
"Hipolito",99.185
"Fermin",99.191
"Chung",99.195
"Adalberto",99.201
"Valentine",99.206
"Jamey",99.211
"Bo",99.216
"Barrett",99.221
"Whitney",99.226
"Teodoro",99.231
"Mckinley",99.236
"Maximo",99.242
"Garfield",99.246
"Sol",99.252
"Raleigh",99.256
"Lawerence",99.262
"Abram",99.266
"Rashad",99.272
"King",99.276
"Emmitt",99.282
"Daron",99.286
"Chong",99.292
"Samual",99.296
"Paris",99.301
"Otha",99.306
"Miquel",99.311
"Lacy",99.316
"Eusebio",99.320
"Dong",99.326
"Domenic",99.330
"Darron",99.336
"Buster",99.340
"Antonia",99.346
"Wilber",99.350
"Renato",99.356
"Jc",99.360
"Hoyt",99.365
"Haywood",99.370
"Ezekiel",99.375
"Chas",99.380
"Florentino",99.385
"Elroy",99.390
"Clemente",99.394
"Arden",99.399
"Neville",99.404
"Kelley",99.409
"Edison",99.413
"Deshawn",99.419
"Carrol",99.423
"Shayne",99.428
"Nathanial",99.433
"Jordon",99.438
"Danilo",99.442
"Claud",99.448
"Val",99.452
"Sherwood",99.456
"Raymon",99.462
"Rayford",99.466
"Cristobal",99.471
"Ambrose",99.476
"Titus",99.481
"Hyman",99.485
"Felton",99.490
"Ezequiel",99.495
"Erasmo",99.500
"Stanton",99.504
"Lonny",99.508
"Len",99.514
"Ike",99.518
"Milan",99.523
"Lino",99.527
"Jarod",99.532
"Herb",99.537
"Andreas",99.542
"Walton",99.546
"Rhett",99.551
"Palmer",99.555
"Jude",99.559
"Douglass",99.565
"Cordell",99.569
"Oswaldo",99.574
"Ellsworth",99.578
"Virgilio",99.583
"Toney",99.587
"Nathanael",99.592
"Del",99.596
"Britt",99.600
"Benedict",99.606
"Mose",99.610
"Hong",99.615
"Leigh",99.619
"Johnson",99.624
"Isreal",99.628
"Gayle",99.632
"Garret",99.637
"Fausto",99.641
"Asa",99.646
"Arlen",99.650
"Zack",99.655
"Warner",99.659
"Modesto",99.663
"Francesco",99.668
"Manual",99.672
"Jae",99.677
"Gaylord",99.681
"Gaston",99.686
"Filiberto",99.689
"Deangelo",99.693
"Michale",99.698
"Granville",99.702
"Wes",99.707
"Malik",99.711
"Zackary",99.716
"Tuan",99.720
"Nicky",99.723
"Eldridge",99.728
"Cristopher",99.732
"Cortez",99.737
"Antione",99.741
"Malcom",99.744
"Long",99.749
"Korey",99.753
"Jospeh",99.758
"Colton",99.762
"Waylon",99.765
"Von",99.770
"Hosea",99.774
"Shad",99.779
"Santo",99.782
"Rudolf",99.786
"Rolf",99.791
"Rey",99.795
"Renaldo",99.799
"Marcellus",99.803
"Lucius",99.807
"Lesley",99.812
"Kristofer",99.815
"Boyce",99.820
"Benton",99.824
"Man",99.827
"Kasey",99.832
"Jewell",99.836
"Hayden",99.839
"Harland",99.844
"Arnoldo",99.848
"Rueben",99.853
"Leandro",99.856
"Kraig",99.861
"Jerrell",99.865
"Jeromy",99.868
"Hobert",99.873
"Cedrick",99.877
"Arlie",99.880
"Winford",99.885
"Wally",99.888
"Patricia",99.893
"Luigi",99.897
"Keneth",99.900
"Jacinto",99.905
"Graig",99.909
"Franklyn",99.913
"Edmundo",99.917
"Sid",99.920
"Porter",99.925
"Leif",99.929
"Lauren",99.932
"Jeramy",99.937
"Elisha",99.940
"Buck",99.945
"Willian",99.949
"Vincenzo",99.952
"Lynwood",99.965
"Lindsay",99.968
"Jewel",99.972
"Jere",99.976
"Hai",99.980
"Elden",99.985
"Dorsey",99.988
"Darell",99.992
"Broderick",99.996
"Alonso",100.0